scenario,no_drone,static_drone,CM1,CM2,CM3,CM4,CM5,CM6,CM7
DU-0-0-1,0.829708,0.837040,0.845019,0.839685,0.829090,0.838340,0.847319,0.847025,0.844161
DU-0-0-2,0.825922,0.829850,0.837089,0.829686,0.830777,0.838442,0.835219,0.835633,0.843660
DU-0-0-4,0.806159,0.838637,0.835298,0.829325,0.823587,0.846641,0.829680,0.825510,0.816369
DU-0-0-8,0.782343,0.825242,0.830694,0.793891,0.822748,0.839165,0.806071,0.803530,0.805423
