cm,mean_csr,std_csr
no_drone,0.599940,0.011130
static_drone,0.615762,0.013779
CM1,0.603869,0.012920
CM2,0.606049,0.010522
CM3,0.604243,0.010860
CM4,0.596913,0.005095
CM5,0.604921,0.009918
CM6,0.599212,0.009984
CM7,0.602669,0.012116
