cm,mean_csr,std_csr
no_drone,0.725459,0.021094
static_drone,0.740579,0.007629
CM1,0.741203,0.008129
CM2,0.738609,0.006566
CM3,0.740081,0.008904
CM4,0.738414,0.006644
CM5,0.737728,0.010881
CM6,0.741814,0.008495
CM7,0.741972,0.007593
