cm,mean_csr,std_csr
no_drone,0.729884,0.039067
static_drone,0.761808,0.038920
CM1,0.762544,0.036329
CM2,0.758418,0.036292
CM3,0.762036,0.039333
CM4,0.764108,0.042365
CM5,0.763633,0.034227
CM6,0.760463,0.039279
CM7,0.761044,0.041153
