cm,mean_csr,std_csr
no_drone,0.729884,0.039067
static_drone,0.761808,0.038920
CM1,0.762544,0.036329
CM2,0.763341,0.039469
CM3,0.763250,0.037961
CM4,0.764108,0.042365
CM5,0.762221,0.038723
CM6,0.762953,0.039556
CM7,0.762929,0.039909
