scenario,csr_legacy,csr_energy,steps_legacy,steps_energy,steps_saved,csr_delta
DU-100-60-4,0.8448126953247392,0.8551990595703586,747.8,131.4,616.4,0.01038636424561934
DU-100-90-8,0.8426839680416561,0.8353474844296314,747.8,94.4,653.4,-0.007336483612024769
DU-200-120-8,0.8057625767159362,0.8149756103016947,747.8,136.0,611.8,0.009213033585758534
RU-500-60-25,0.8492114810165386,0.8657088049865049,747.6,165.2,582.4000000000001,0.016497323969966282
RU-1000-90-50,0.8501979757209256,0.8420915052625647,747.6,166.4,581.2,-0.008106470458360882
RU-0-0-25,0.8487991240921543,0.8663998597661964,747.6,151.6,596.0,0.01760073567404208
