alpha,energy_csr,legacy_csr,steps_energy,steps_legacy,steps_saved
1.0,0.0735930735930736,0.058365758754863814,134,148,14
50.0,0.08433734939759036,0.058365758754863814,17,148,131
